{"K": [[543.1574451941549, 0.0, 964.5545586955642], [0.0, 542.6176166704892, 542.4140451279562], [0.0, 0.0, 1.0]], "D": [[-0.04738827572539082], [-0.01371889518976709], [0.014201778499422533], [-0.005228837616038278]]}
